company_name,industry,company_size,solution_delivered,business_outcome,industry_tags,solution_category,business_outcome_metrics
State of Indiana,Municipal/Government,10000+,Legacy system modernization and citizen portal development,"Improved citizen engagement, streamlined service delivery, 50% reduction in processing time","government,digital transformation,citizen services,legacy modernization",Legacy Modernization,"50% faster processing, 85% citizen satisfaction score"
Eli Lilly and Company,Healthcare/Pharma,30000+,Mobile research unit software for clinical trials,"Enhanced patient access to trials, accelerated drug development timelines","healthcare,clinical trials,mobile technology,pharmaceutical",Custom Software Development,"40% increase in trial participation, 30% faster patient enrollment"
Roche Diagnostics,Medical Devices,15000+,FDA-compliant diagnostic device connectivity platform,"Improved device interoperability, enhanced data security, regulatory compliance","medical devices,FDA compliance,IoT connectivity,diagnostics",IoT Platform Development,"99.9% uptime, 100% FDA compliance maintained"
Collins Aerospace,Aerospace/Defense,50000+,Real-time avionics data processing system,"Enhanced flight safety, improved maintenance prediction, reduced downtime","aerospace,avionics,real-time systems,defense",Embedded Systems,"25% reduction in maintenance costs, 99.8% system reliability"
Cummins Inc,Manufacturing/Industrial,60000+,IoT sensor integration for engine monitoring,"Predictive maintenance capabilities, reduced equipment failures, operational efficiency","manufacturing,IoT,predictive maintenance,engines",IoT Platform Development,"35% reduction in unplanned downtime, $2M annual savings"
OneAmerica Financial,Financial Services,3000+,Legacy insurance system replacement with cloud platform,"Modernized operations, improved customer experience, enhanced security","financial services,insurance,cloud migration,legacy modernization",Legacy Modernization,"40% faster claims processing, 60% improvement in customer satisfaction"
Zimmer Biomet,Medical Devices,17000+,Connected orthopedic device platform with real-time monitoring,"Enhanced patient outcomes, improved surgical precision, data-driven insights","medical devices,orthopedics,IoT,healthcare analytics",IoT Platform Development,"20% improvement in surgical outcomes, 50% reduction in revision surgeries"
Rolls-Royce Indianapolis,Aerospace/Defense,4000+,Predictive maintenance system for aircraft engines,"Reduced maintenance costs, improved engine reliability, enhanced safety","aerospace,predictive maintenance,aircraft engines,defense",Predictive Analytics,"30% reduction in maintenance costs, 99.5% engine reliability"
Simon Property Group,Commercial Real Estate,5000+,Smart building management platform for shopping centers,"Energy efficiency improvements, enhanced tenant experience, operational optimization","real estate,smart buildings,energy management,retail",IoT Platform Development,"25% energy cost reduction, 90% tenant satisfaction improvement"
Steel Dynamics,Manufacturing/Industrial,9000+,Automated steel production monitoring system,"Improved production efficiency, reduced waste, enhanced quality control","manufacturing,steel production,automation,quality control",Industrial Automation,"20% increase in production efficiency, 15% waste reduction"
Elevance Health,Healthcare IT,100000+,HIPAA-compliant member portal with advanced analytics,"Improved member engagement, streamlined operations, enhanced data security","healthcare,HIPAA compliance,member portal,analytics",Healthcare IT Solutions,"50% increase in member portal usage, 99.9% security compliance"
First Merchants Bank,Financial Services,4000+,Digital banking platform with fraud detection,"Enhanced security, improved customer experience, reduced fraud losses","banking,fraud detection,digital transformation,fintech",Digital Banking Solutions,"80% reduction in fraud incidents, 45% increase in digital adoption"
Berry Global,Manufacturing/Industrial,47000+,Supply chain optimization platform with IoT integration,"Improved inventory management, reduced costs, enhanced visibility","manufacturing,supply chain,IoT,inventory management",Supply Chain Solutions,"30% inventory reduction, 20% cost savings, 95% on-time delivery"
General Dynamics,Aerospace/Defense,100000+,Secure communication systems for military applications,"Enhanced operational security, improved mission success, reduced communication failures","defense,secure communications,military,cybersecurity",Defense Technology,"99.9% communication reliability, 100% security compliance"
John Deere,Agriculture/AgTech,77000+,Precision agriculture platform with IoT sensors,"Improved crop yields, reduced resource usage, enhanced sustainability","agriculture,precision farming,IoT,sustainability",AgTech Solutions,"20% increase in crop yields, 25% reduction in water usage"
Ford Motor Company,Automotive,190000+,Connected vehicle platform for telematics and diagnostics,"Enhanced vehicle performance, improved customer experience, predictive maintenance","automotive,connected vehicles,telematics,diagnostics",Automotive Technology,"30% improvement in vehicle reliability, 50% faster diagnostics"
Cook Medical,Medical Devices,13000+,Quality management system for medical device manufacturing,"Enhanced regulatory compliance, improved product quality, reduced recall risk","medical devices,quality management,regulatory compliance,manufacturing",Quality Management Systems,"99.8% regulatory compliance, 50% reduction in quality issues"
Abbott,Healthcare/Pharma,113000+,Laboratory information management system for diagnostics,"Improved test accuracy, enhanced workflow efficiency, regulatory compliance","healthcare,laboratory management,diagnostics,regulatory compliance",Healthcare IT Solutions,"99.9% test accuracy, 40% improvement in lab efficiency"
Medtronic,Medical Devices,95000+,Remote patient monitoring platform for cardiac devices,"Improved patient outcomes, reduced hospital readmissions, enhanced care coordination","medical devices,remote monitoring,cardiac care,patient outcomes",IoT Platform Development,"35% reduction in readmissions, 90% patient satisfaction"
Boston Scientific,Medical Devices,48000+,Clinical data management platform for medical trials,"Accelerated trial timelines, improved data quality, regulatory compliance","medical devices,clinical trials,data management,regulatory compliance",Clinical Data Management,"40% faster trial completion, 99.5% data accuracy"